frame,errorType,checksum,crc8,crc10,crc16,crc32
0,0,0,0,0,0,0
1,1,1,1,1,1,1
2,2,1,1,1,1,1
3,3,1,1,1,1,1
4,4,0,0,0,1,1
5,0,0,0,0,0,0
6,1,1,1,1,1,1
7,2,0,1,1,1,1
8,3,1,1,1,1,1
9,4,0,1,0,1,1
10,0,0,0,0,0,0
11,1,1,1,1,1,1
12,2,1,1,1,1,1
13,3,1,1,1,1,1
14,4,0,0,0,0,1
15,0,0,0,0,0,0
16,1,1,1,1,1,1
17,2,0,1,1,1,1
18,3,1,1,1,1,1
19,4,0,0,0,1,1
20,0,0,0,0,0,0
21,1,1,1,1,1,1
22,2,1,1,1,1,1
23,3,1,1,1,1,1
24,4,0,0,1,0,1
25,0,0,0,0,0,0
26,1,1,1,1,1,1
27,2,0,1,1,1,1
28,3,1,1,1,1,1
29,4,0,0,0,0,1
30,0,0,0,0,0,0
31,1,1,1,1,1,1
32,2,0,1,1,1,1
33,3,1,1,1,1,1
34,4,0,1,0,1,1
35,0,0,0,0,0,0
36,1,1,1,1,1,1
37,2,0,1,1,1,1
38,3,1,1,1,1,1
39,4,0,0,0,0,1
40,0,0,0,0,0,0
41,1,1,1,1,1,1
42,2,0,1,1,1,1
43,3,1,1,1,1,1
44,4,0,0,0,0,1
45,0,0,0,0,0,0
46,1,1,1,1,1,1
47,2,0,1,1,1,1
48,3,1,1,1,1,1
49,4,0,1,0,0,1
50,0,0,0,0,0,0
51,1,1,1,1,1,1
52,2,0,1,1,1,1
53,3,1,1,1,1,1
54,4,0,0,0,0,1
55,0,0,0,0,0,0
56,1,1,1,1,1,1
57,2,0,1,1,1,1
58,3,1,1,1,1,1
59,4,0,0,0,1,1
60,0,0,0,0,0,0
61,1,1,1,1,1,1
62,2,0,1,1,1,1
63,3,1,1,1,1,1
64,4,0,0,1,0,1
65,0,0,0,0,0,0
66,1,1,1,1,1,1
67,2,0,1,1,1,1
68,3,1,1,1,1,1
69,4,0,0,0,0,1
70,0,0,0,0,0,0
71,1,1,1,1,1,1
72,2,0,1,1,1,1
73,3,1,1,1,1,1
74,4,0,0,0,0,1
75,0,0,0,0,0,0
76,1,1,1,1,1,1
77,2,0,1,1,1,1
78,3,1,1,1,1,1
79,4,0,0,0,0,1
80,0,0,0,0,0,0
81,1,1,1,1,1,1
82,2,0,1,1,1,1
83,3,1,1,1,1,1
84,4,0,0,0,0,1
85,0,0,0,0,0,0
86,1,1,1,1,1,1
87,2,0,1,1,1,1
88,3,1,1,1,1,1
89,4,0,0,1,0,1
90,0,0,0,0,0,0
91,1,1,1,1,1,1
92,2,0,1,1,1,1
93,3,1,1,1,1,1
94,4,0,0,0,0,1
95,0,0,0,0,0,0
96,1,1,1,1,1,1
97,2,0,1,1,1,1
98,3,1,1,1,1,1
99,4,0,0,0,0,1
100,0,0,0,0,0,0
101,1,1,1,1,1,1
102,2,0,1,1,1,1
103,3,1,1,1,1,1
104,4,0,0,0,0,1
105,0,0,0,0,0,0
106,1,1,1,1,1,1
107,2,0,1,1,1,1
108,3,1,1,1,1,1
109,4,0,0,0,0,1
110,0,0,0,0,0,0
111,1,1,1,1,1,1
112,2,1,1,1,1,1
113,3,1,1,1,1,1
114,4,0,0,0,0,1
115,0,0,0,0,0,0
116,1,1,1,1,1,1
117,2,0,1,1,1,1
118,3,1,1,1,1,1
119,4,0,0,0,0,1
120,0,0,0,0,0,0
121,1,1,1,1,1,1
122,2,0,1,1,1,1
123,3,1,1,1,1,1
124,4,0,0,0,0,1
125,0,0,0,0,0,0
126,1,1,1,1,1,1
127,2,0,1,1,1,1
128,3,1,1,1,1,1
129,4,0,0,1,0,1
130,0,0,0,0,0,0
131,1,1,1,1,1,1
132,2,0,1,1,1,1
133,3,1,1,1,1,1
134,4,0,0,0,0,1
135,0,0,0,0,0,0
136,1,1,1,1,1,1
137,2,0,1,1,1,1
138,3,1,1,1,1,1
139,4,0,1,0,0,1
140,0,0,0,0,0,0
141,1,1,1,1,1,1
142,2,1,1,1,1,1
143,3,1,1,1,1,1
144,4,0,1,1,0,1
145,0,0,0,0,0,0
146,1,1,1,1,1,1
147,2,1,1,1,1,1
148,3,1,1,1,1,1
149,4,0,0,0,0,1
150,0,0,0,0,0,0
151,1,1,1,1,1,1
152,2,0,1,1,1,1
153,3,1,1,1,1,1
154,4,0,0,1,0,1
155,0,0,0,0,0,0
156,1,1,1,1,1,1
157,2,0,1,1,1,1
158,3,1,1,1,1,1
159,4,0,1,0,1,1
160,0,0,0,0,0,0
161,1,1,1,1,1,1
162,2,1,1,1,1,1
163,3,1,1,1,1,1
164,4,0,0,0,1,1
165,0,0,0,0,0,0
166,1,1,1,1,1,1
167,2,0,1,1,1,1
168,3,1,1,1,1,1
169,4,0,1,1,0,1
170,0,0,0,0,0,0
171,1,1,1,1,1,1
172,2,0,1,1,1,1
173,3,1,1,1,1,1
174,4,0,1,1,0,1
175,0,0,0,0,0,0
176,1,1,1,1,1,1
177,2,0,1,1,1,1
178,3,1,1,1,1,1
179,4,0,1,1,0,1
180,0,0,0,0,0,0
181,1,1,1,1,1,1
182,2,0,1,1,1,1
183,3,1,1,1,1,1
184,4,0,0,0,0,1
185,0,0,0,0,0,0
186,1,1,1,1,1,1
187,2,1,1,1,1,1
188,3,1,1,1,1,1
189,4,0,0,0,1,1
190,0,0,0,0,0,0
191,1,1,1,1,1,1
192,2,1,1,1,1,1
193,3,1,1,1,1,1
194,4,0,1,1,0,1
195,0,0,0,0,0,0
196,1,1,1,1,1,1
197,2,0,1,1,1,1
198,3,1,1,1,1,1
199,4,0,1,0,1,1
200,0,0,0,0,0,0
201,1,1,1,1,1,1
202,2,0,1,1,1,1
203,3,1,1,1,1,1
204,4,0,0,1,1,1
205,0,0,0,0,0,0
206,1,1,1,1,1,1
207,2,0,1,1,1,1
208,3,1,1,1,1,1
209,4,0,0,0,0,1
210,0,0,0,0,0,0
211,1,1,1,1,1,1
212,2,0,1,1,1,1
213,3,1,1,1,1,1
214,4,0,0,0,1,1
215,0,0,0,0,0,0
216,1,1,1,1,1,1
217,2,0,1,1,1,1
218,3,1,1,1,1,1
219,4,0,1,0,0,1
220,0,0,0,0,0,0
221,1,1,1,1,1,1
222,2,1,1,1,1,1
223,3,1,1,1,1,1
224,4,0,0,0,0,1
225,0,0,0,0,0,0
226,1,1,1,1,1,1
227,2,0,1,1,1,1
228,3,1,1,1,1,1
229,4,0,1,0,0,1
230,0,0,0,0,0,0
231,1,1,1,1,1,1
232,2,0,1,1,1,1
233,3,1,1,1,1,1
234,4,0,0,0,1,1
235,0,0,0,0,0,0
236,1,1,1,1,1,1
237,2,0,1,1,1,1
238,3,1,1,1,1,1
239,4,0,0,0,0,1
240,0,0,0,0,0,0
241,1,1,1,1,1,1
242,2,1,1,1,1,1
243,3,1,1,1,1,1
244,4,0,0,0,1,1
245,0,0,0,0,0,0
246,1,1,1,1,1,1
247,2,0,1,1,1,1
248,3,1,1,1,1,1
249,4,0,0,0,0,1
250,0,0,0,0,0,0
251,1,1,1,1,1,1
252,2,1,1,1,1,1
253,3,1,1,1,1,1
254,4,0,1,0,0,1
255,0,0,0,0,0,0
256,1,1,1,1,1,1
257,2,0,1,1,1,1
258,3,1,1,1,1,1
259,4,0,0,1,0,1
260,0,0,0,0,0,0
261,1,1,1,1,1,1
262,2,1,1,1,1,1
263,3,1,1,1,1,1
264,4,0,0,1,0,1
265,0,0,0,0,0,0
266,1,1,1,1,1,1
267,2,0,1,1,1,1
268,3,1,1,1,1,1
269,4,0,0,0,0,1
270,0,0,0,0,0,0
271,1,1,1,1,1,1
272,2,0,1,1,1,1
273,3,1,1,1,1,1
274,4,0,0,0,0,1
275,0,0,0,0,0,0
276,1,1,1,1,1,1
277,2,0,1,1,1,1
278,3,1,1,1,1,1
279,4,0,0,0,0,1
280,0,0,0,0,0,0
281,1,1,1,1,1,1
282,2,0,1,1,1,1
283,3,1,1,1,1,1
284,4,0,1,0,0,1
285,0,0,0,0,0,0
286,1,1,1,1,1,1
287,2,0,1,1,1,1
288,3,1,1,1,1,1
289,4,0,0,1,0,1
290,0,0,0,0,0,0
291,1,1,1,1,1,1
292,2,0,1,1,1,1
293,3,1,1,1,1,1
294,4,0,0,1,0,1
295,0,0,0,0,0,0
296,1,1,1,1,1,1
297,2,1,1,1,1,1
298,3,1,1,1,1,1
299,4,0,0,0,0,1
300,0,0,0,0,0,0
301,1,1,1,1,1,1
302,2,0,1,1,1,1
303,3,1,1,1,1,1
304,4,0,0,0,0,1
305,0,0,0,0,0,0
306,1,1,1,1,1,1
307,2,0,1,1,1,1
308,3,1,1,1,1,1
309,4,0,0,1,1,1
310,0,0,0,0,0,0
311,1,1,1,1,1,1
312,2,0,1,1,1,1
313,3,1,1,1,1,1
314,4,0,1,0,0,1
315,0,0,0,0,0,0
316,1,1,1,1,1,1
317,2,0,1,1,1,1
318,3,1,1,1,1,1
319,4,0,1,0,1,1
320,0,0,0,0,0,0
321,1,1,1,1,1,1
322,2,0,1,1,1,1
323,3,1,1,1,1,1
324,4,0,0,0,0,1
325,0,0,0,0,0,0
326,1,1,1,1,1,1
327,2,0,1,1,1,1
328,3,1,1,1,1,1
329,4,0,0,0,0,1
330,0,0,0,0,0,0
331,1,1,1,1,1,1
332,2,0,1,1,1,1
333,3,1,1,1,1,1
334,4,0,0,1,0,1
335,0,0,0,0,0,0
336,1,1,1,1,1,1
337,2,0,1,1,1,1
338,3,1,1,1,1,1
339,4,0,0,0,0,1
340,0,0,0,0,0,0
341,1,1,1,1,1,1
342,2,0,1,1,1,1
343,3,1,1,1,1,1
344,4,0,1,0,0,1
345,0,0,0,0,0,0
346,1,1,1,1,1,1
347,2,0,1,1,1,1
348,3,1,1,1,1,1
349,4,0,0,1,0,1
350,0,0,0,0,0,0
351,1,1,1,1,1,1
352,2,0,1,1,1,1
353,3,1,1,1,1,1
354,4,0,0,0,1,1
355,0,0,0,0,0,0
356,1,1,1,1,1,1
357,2,1,1,1,1,1
358,3,1,1,1,1,1
359,4,0,0,0,0,1
360,0,0,0,0,0,0
361,1,1,1,1,1,1
362,2,1,1,1,1,1
363,3,1,1,1,1,1
364,4,0,0,0,0,1
365,0,0,0,0,0,0
366,1,1,1,1,1,1
367,2,0,1,1,1,1
368,3,1,1,1,1,1
369,4,0,1,0,0,1
370,0,0,0,0,0,0
371,1,1,1,1,1,1
372,2,1,1,1,1,1
373,3,1,1,1,1,1
374,4,0,1,0,0,1
375,0,0,0,0,0,0
376,1,1,1,1,1,1
377,2,0,1,1,1,1
378,3,1,1,1,1,1
379,4,0,0,0,0,1
380,0,0,0,0,0,0
381,1,1,1,1,1,1
382,2,0,1,1,1,1
383,3,1,1,1,1,1
384,4,0,0,1,1,1
385,0,0,0,0,0,0
386,1,1,1,1,1,1
387,2,0,1,1,1,1
388,3,1,1,1,1,1
389,4,0,0,0,0,1
390,0,0,0,0,0,0
391,1,1,1,1,1,1
392,2,0,1,1,1,1
393,3,1,1,1,1,1
394,4,0,1,1,0,1
395,0,0,0,0,0,0
396,1,1,1,1,1,1
397,2,0,1,1,1,1
398,3,1,1,1,1,1
399,4,0,0,0,0,1
400,0,0,0,0,0,0
401,1,1,1,1,1,1
402,2,0,1,1,1,1
403,3,1,1,1,1,1
404,4,0,0,0,0,1
405,0,0,0,0,0,0
406,1,1,1,1,1,1
407,2,0,1,1,1,1
408,3,1,1,1,1,1
409,4,0,0,0,0,1
410,0,0,0,0,0,0
411,1,1,1,1,1,1
412,2,0,1,1,1,1
413,3,1,1,1,1,1
414,4,0,0,0,0,1
415,0,0,0,0,0,0
416,1,1,1,1,1,1
417,2,0,1,1,1,1
418,3,1,1,1,1,1
419,4,0,1,0,0,1
420,0,0,0,0,0,0
421,1,1,1,1,1,1
422,2,1,1,1,1,1
423,3,1,1,1,1,1
424,4,0,0,0,0,1
425,0,0,0,0,0,0
426,1,1,1,1,1,1
427,2,0,1,1,1,1
428,3,1,1,1,1,1
429,4,0,0,0,0,1
430,0,0,0,0,0,0
431,1,1,1,1,1,1
432,2,0,1,1,1,1
433,3,1,1,1,1,1
434,4,0,1,0,0,1
435,0,0,0,0,0,0
436,1,1,1,1,1,1
437,2,0,1,1,1,1
438,3,1,1,1,1,1
439,4,0,0,0,0,1
440,0,0,0,0,0,0
441,1,1,1,1,1,1
442,2,0,1,1,1,1
443,3,1,1,1,1,1
444,4,0,0,0,0,1
445,0,0,0,0,0,0
446,1,1,1,1,1,1
447,2,0,1,1,1,1
448,3,1,1,1,1,1
449,4,0,0,0,0,1
450,0,0,0,0,0,0
451,1,1,1,1,1,1
452,2,0,1,1,1,1
453,3,1,1,1,1,1
454,4,0,0,0,1,1
455,0,0,0,0,0,0
456,1,1,1,1,1,1
457,2,0,1,1,1,1
458,3,1,1,1,1,1
459,4,0,1,0,1,1
460,0,0,0,0,0,0
461,1,1,1,1,1,1
462,2,0,1,1,1,1
463,3,1,1,1,1,1
464,4,0,0,0,0,1
465,0,0,0,0,0,0
466,1,1,1,1,1,1
467,2,0,1,1,1,1
468,3,1,1,1,1,1
469,4,0,1,1,1,1
470,0,0,0,0,0,0
471,1,1,1,1,1,1
472,2,0,1,1,1,1
473,3,1,1,1,1,1
474,4,0,0,1,0,1
475,0,0,0,0,0,0
476,1,1,1,1,1,1
477,2,0,1,1,1,1
478,3,1,1,1,1,1
479,4,0,0,0,0,1
480,0,0,0,0,0,0
481,1,1,1,1,1,1
482,2,0,1,1,1,1
483,3,1,1,1,1,1
484,4,0,0,0,1,1
485,0,0,0,0,0,0
486,1,1,1,1,1,1
487,2,1,1,1,1,1
488,3,1,1,1,1,1
489,4,0,1,0,1,1
490,0,0,0,0,0,0
491,1,1,1,1,1,1
492,2,0,1,1,1,1
493,3,1,1,1,1,1
494,4,0,0,0,0,1
495,0,0,0,0,0,0
496,1,1,1,1,1,1
497,2,0,1,1,1,1
498,3,1,1,1,1,1
499,4,0,0,0,0,1
500,0,0,0,0,0,0
501,1,1,1,1,1,1
502,2,0,1,1,1,1
503,3,1,1,1,1,1
504,4,0,0,0,0,1
505,0,0,0,0,0,0
506,1,1,1,1,1,1
507,2,0,1,1,1,1
508,3,1,1,1,1,1
509,4,0,1,0,0,1
510,0,0,0,0,0,0
511,1,1,1,1,1,1
512,2,0,1,1,1,1
513,3,1,1,1,1,1
514,4,0,0,0,0,1
515,0,0,0,0,0,0
516,1,1,1,1,1,1
517,2,0,1,1,1,1
518,3,1,1,1,1,1
519,4,0,1,0,0,1
520,0,0,0,0,0,0
521,1,1,1,1,1,1
522,2,0,1,1,1,1
523,3,1,1,1,1,1
524,4,0,0,0,0,1
525,0,0,0,0,0,0
526,1,1,1,1,1,1
527,2,0,1,1,1,1
528,3,1,1,1,1,1
529,4,0,0,0,0,1
530,0,0,0,0,0,0
531,1,1,1,1,1,1
532,2,0,1,1,1,1
533,3,1,1,1,1,1
534,4,0,0,0,0,1
535,0,0,0,0,0,0
536,1,1,1,1,1,1
537,2,1,1,1,1,1
538,3,1,1,1,1,1
539,4,0,0,0,0,1
540,0,0,0,0,0,0
541,1,1,1,1,1,1
542,2,1,1,1,1,1
543,3,1,1,1,1,1
544,4,0,0,0,0,1
545,0,0,0,0,0,0
546,1,1,1,1,1,1
547,2,0,1,1,1,1
548,3,1,1,1,1,1
549,4,0,1,0,0,1
550,0,0,0,0,0,0
551,1,1,1,1,1,1
552,2,1,1,1,1,1
553,3,1,1,1,1,1
554,4,0,1,1,0,1
555,0,0,0,0,0,0
556,1,1,1,1,1,1
557,2,0,1,1,1,1
558,3,1,1,1,1,1
559,4,0,0,0,0,1
560,0,0,0,0,0,0
561,1,1,1,1,1,1
562,2,0,1,1,1,1
563,3,1,1,1,1,1
564,4,0,0,0,0,1
565,0,0,0,0,0,0
566,1,1,1,1,1,1
567,2,0,1,1,1,1
568,3,1,1,1,1,1
569,4,0,0,0,0,1
570,0,0,0,0,0,0
571,1,1,1,1,1,1
572,2,0,1,1,1,1
573,3,1,1,1,1,1
574,4,0,1,0,0,1
575,0,0,0,0,0,0
576,1,1,1,1,1,1
577,2,1,1,1,1,1
578,3,1,1,1,1,1
579,4,0,0,1,1,1
580,0,0,0,0,0,0
581,1,1,1,1,1,1
582,2,0,1,1,1,1
583,3,1,1,1,1,1
584,4,0,0,0,1,1
585,0,0,0,0,0,0
586,1,1,1,1,1,1
587,2,0,1,1,1,1
588,3,1,1,1,1,1
589,4,0,1,1,0,1
590,0,0,0,0,0,0
591,1,1,1,1,1,1
592,2,0,1,1,1,1
593,3,1,1,1,1,1
594,4,0,0,0,1,1
595,0,0,0,0,0,0
596,1,1,1,1,1,1
597,2,1,1,1,1,1
598,3,1,1,1,1,1
599,4,0,0,1,0,1
600,0,0,0,0,0,0
601,1,1,1,1,1,1
602,2,0,1,1,1,1
603,3,1,1,1,1,1
604,4,0,0,0,0,1
605,0,0,0,0,0,0
606,1,1,1,1,1,1
607,2,1,1,1,1,1
608,3,1,1,1,1,1
609,4,0,1,1,0,1
610,0,0,0,0,0,0
611,1,1,1,1,1,1
612,2,0,1,1,1,1
613,3,1,1,1,1,1
614,4,0,1,0,0,1
615,0,0,0,0,0,0
616,1,1,1,1,1,1
617,2,0,1,1,1,1
618,3,1,1,1,1,1
619,4,0,0,0,0,1
620,0,0,0,0,0,0
621,1,1,1,1,1,1
622,2,0,1,1,1,1
623,3,1,1,1,1,1
624,4,0,0,0,0,1
625,0,0,0,0,0,0
626,1,1,1,1,1,1
627,2,0,1,1,1,1
628,3,1,1,1,1,1
629,4,0,0,0,0,1
630,0,0,0,0,0,0
631,1,1,1,1,1,1
632,2,0,1,1,1,1
633,3,1,1,1,1,1
634,4,0,0,0,0,1
635,0,0,0,0,0,0
636,1,1,1,1,1,1
637,2,0,1,1,1,1
638,3,1,1,1,1,1
639,4,0,0,0,0,1
640,0,0,0,0,0,0
641,1,1,1,1,1,1
642,2,0,1,1,1,1
643,3,1,1,1,1,1
644,4,0,1,0,0,1
645,0,0,0,0,0,0
646,1,1,1,1,1,1
647,2,0,1,1,1,1
648,3,1,1,1,1,1
649,4,0,0,0,1,1
650,0,0,0,0,0,0
651,1,1,1,1,1,1
652,2,1,1,1,1,1
653,3,1,1,1,1,1
654,4,0,0,0,1,1
655,0,0,0,0,0,0
656,1,1,1,1,1,1
657,2,0,1,1,1,1
658,3,1,1,1,1,1
659,4,0,0,0,0,1
660,0,0,0,0,0,0
661,1,1,1,1,1,1
662,2,0,1,1,1,1
663,3,1,1,1,1,1
664,4,0,0,0,0,1
665,0,0,0,0,0,0
666,1,1,1,1,1,1
667,2,0,1,1,1,1
668,3,1,1,1,1,1
669,4,0,0,0,0,1
670,0,0,0,0,0,0
671,1,1,1,1,1,1
672,2,0,1,1,1,1
673,3,1,1,1,1,1
674,4,0,0,0,0,1
675,0,0,0,0,0,0
676,1,1,1,1,1,1
677,2,0,1,1,1,1
678,3,1,1,1,1,1
679,4,0,0,0,0,1
680,0,0,0,0,0,0
681,1,1,1,1,1,1
682,2,1,1,1,1,1
683,3,1,1,1,1,1
684,4,0,0,0,0,1
685,0,0,0,0,0,0
686,1,1,1,1,1,1
687,2,0,1,1,1,1
688,3,1,1,1,1,1
689,4,0,0,0,1,1
690,0,0,0,0,0,0
691,1,1,1,1,1,1
692,2,0,1,1,1,1
693,3,1,1,1,1,1
694,4,0,0,0,0,1
695,0,0,0,0,0,0
696,1,1,1,1,1,1
697,2,0,1,1,1,1
698,3,1,1,1,1,1
699,4,0,0,0,0,1
700,0,0,0,0,0,0
701,1,1,1,1,1,1
702,2,0,1,1,1,1
703,3,1,1,1,1,1
704,4,0,0,1,0,1
705,0,0,0,0,0,0
706,1,1,1,1,1,1
707,2,0,1,1,1,1
708,3,1,1,1,1,1
709,4,0,0,0,0,1
710,0,0,0,0,0,0
711,1,1,1,1,1,1
712,2,0,1,1,1,1
713,3,1,1,1,1,1
714,4,0,0,0,0,1
715,0,0,0,0,0,0
716,1,1,1,1,1,1
717,2,0,1,1,1,1
718,3,1,1,1,1,1
719,4,0,0,0,1,1
720,0,0,0,0,0,0
721,1,1,1,1,1,1
722,2,0,1,1,1,1
723,3,1,1,1,1,1
724,4,0,1,0,0,1
725,0,0,0,0,0,0
726,1,1,1,1,1,1
727,2,0,1,1,1,1
728,3,1,1,1,1,1
729,4,0,1,0,0,1
730,0,0,0,0,0,0
731,1,1,1,1,1,1
732,2,0,1,1,1,1
733,3,1,1,1,1,1
734,4,0,0,0,0,1
735,0,0,0,0,0,0
736,1,1,1,1,1,1
737,2,0,1,1,1,1
738,3,1,1,1,1,1
739,4,0,1,0,0,1
740,0,0,0,0,0,0
741,1,1,1,1,1,1
742,2,0,1,1,1,1
743,3,1,1,1,1,1
744,4,0,0,0,1,1
745,0,0,0,0,0,0
746,1,1,1,1,1,1
747,2,0,1,1,1,1
748,3,1,1,1,1,1
749,4,0,0,1,1,1
750,0,0,0,0,0,0
751,1,1,1,1,1,1
752,2,0,1,1,1,1
753,3,1,1,1,1,1
754,4,0,0,1,0,1
755,0,0,0,0,0,0
756,1,1,1,1,1,1
757,2,0,1,1,1,1
758,3,1,1,1,1,1
759,4,0,0,0,0,1
760,0,0,0,0,0,0
761,1,1,1,1,1,1
762,2,0,1,1,1,1
763,3,1,1,1,1,1
764,4,0,0,1,0,1
765,0,0,0,0,0,0
766,1,1,1,1,1,1
767,2,0,1,1,1,1
768,3,1,1,1,1,1
769,4,0,0,0,1,1
770,0,0,0,0,0,0
771,1,1,1,1,1,1
772,2,0,1,1,1,1
773,3,1,1,1,1,1
774,4,0,1,1,0,1
775,0,0,0,0,0,0
776,1,1,1,1,1,1
777,2,0,1,1,1,1
778,3,1,1,1,1,1
779,4,0,0,1,0,1
780,0,0,0,0,0,0
781,1,1,1,1,1,1
782,2,0,1,1,1,1
783,3,1,1,1,1,1
784,4,0,0,0,0,1
785,0,0,0,0,0,0
786,1,1,1,1,1,1
787,2,0,1,1,1,1
788,3,1,1,1,1,1
789,4,0,0,1,0,1
790,0,0,0,0,0,0
791,1,1,1,1,1,1
792,2,0,1,1,1,1
793,3,1,1,1,1,1
794,4,0,0,0,1,1
795,0,0,0,0,0,0
796,1,1,1,1,1,1
797,2,0,1,1,1,1
798,3,1,1,1,1,1
799,4,0,0,1,0,1
800,0,0,0,0,0,0
801,1,1,1,1,1,1
802,2,0,1,1,1,1
803,3,1,1,1,1,1
804,4,0,0,0,1,1
805,0,0,0,0,0,0
806,1,1,1,1,1,1
807,2,0,1,1,1,1
808,3,1,1,1,1,1
809,4,0,0,1,0,1
810,0,0,0,0,0,0
811,1,1,1,1,1,1
812,2,1,1,1,1,1
813,3,1,1,1,1,1
814,4,0,1,0,0,1
815,0,0,0,0,0,0
816,1,1,1,1,1,1
817,2,0,1,1,1,1
818,3,1,1,1,1,1
819,4,0,0,0,0,1
820,0,0,0,0,0,0
821,1,1,1,1,1,1
822,2,0,1,1,1,1
823,3,1,1,1,1,1
824,4,0,1,0,0,1
825,0,0,0,0,0,0
826,1,1,1,1,1,1
827,2,1,1,1,1,1
828,3,1,1,1,1,1
829,4,0,0,0,0,1
830,0,0,0,0,0,0
831,1,1,1,1,1,1
832,2,0,1,1,1,1
833,3,1,1,1,1,1
834,4,0,0,0,1,1
835,0,0,0,0,0,0
836,1,1,1,1,1,1
837,2,0,1,1,1,1
838,3,1,1,1,1,1
839,4,0,0,0,1,1
840,0,0,0,0,0,0
841,1,1,1,1,1,1
842,2,0,1,1,1,1
843,3,1,1,1,1,1
844,4,0,1,0,0,1
845,0,0,0,0,0,0
846,1,1,1,1,1,1
847,2,0,1,1,1,1
848,3,1,1,1,1,1
849,4,0,0,0,0,1
850,0,0,0,0,0,0
851,1,1,1,1,1,1
852,2,0,1,1,1,1
853,3,1,1,1,1,1
854,4,0,1,0,0,1
855,0,0,0,0,0,0
856,1,1,1,1,1,1
857,2,0,1,1,1,1
858,3,1,1,1,1,1
859,4,0,0,0,0,1
860,0,0,0,0,0,0
861,1,1,1,1,1,1
862,2,0,1,1,1,1
863,3,1,1,1,1,1
864,4,0,0,1,1,1
865,0,0,0,0,0,0
866,1,1,1,1,1,1
867,2,0,1,1,1,1
868,3,1,1,1,1,1
869,4,0,0,0,0,1
870,0,0,0,0,0,0
871,1,1,1,1,1,1
872,2,0,1,1,1,1
873,3,1,1,1,1,1
874,4,0,1,0,0,1
875,0,0,0,0,0,0
876,1,1,1,1,1,1
877,2,0,1,1,1,1
878,3,1,1,1,1,1
879,4,0,0,0,0,1
880,0,0,0,0,0,0
881,1,1,1,1,1,1
882,2,0,1,1,1,1
883,3,1,1,1,1,1
884,4,0,1,1,0,1
885,0,0,0,0,0,0
886,1,1,1,1,1,1
887,2,1,1,1,1,1
888,3,1,1,1,1,1
889,4,0,0,0,0,1
890,0,0,0,0,0,0
891,1,1,1,1,1,1
892,2,0,1,1,1,1
893,3,1,1,1,1,1
894,4,0,0,1,0,1
895,0,0,0,0,0,0
896,1,1,1,1,1,1
897,2,0,1,1,1,1
898,3,1,1,1,1,1
899,4,0,0,0,0,1
900,0,0,0,0,0,0
901,1,1,1,1,1,1
902,2,0,1,1,1,1
903,3,1,1,1,1,1
904,4,0,0,0,0,1
905,0,0,0,0,0,0
906,1,1,1,1,1,1
907,2,0,1,1,1,1
908,3,1,1,1,1,1
909,4,0,0,0,0,1
910,0,0,0,0,0,0
911,1,1,1,1,1,1
912,2,0,1,1,1,1
913,3,1,1,1,1,1
914,4,0,0,0,0,1
915,0,0,0,0,0,0
916,1,1,1,1,1,1
917,2,0,1,1,1,1
918,3,1,1,1,1,1
919,4,0,1,0,0,1
920,0,0,0,0,0,0
921,1,1,1,1,1,1
922,2,0,1,1,1,1
923,3,1,1,1,1,1
924,4,0,1,1,1,1
925,0,0,0,0,0,0
926,1,1,1,1,1,1
927,2,0,1,1,1,1
928,3,1,1,1,1,1
929,4,0,0,0,0,1
930,0,0,0,0,0,0
931,1,1,1,1,1,1
932,2,0,1,1,1,1
933,3,1,1,1,1,1
934,4,0,0,0,0,1
935,0,0,0,0,0,0
936,1,1,1,1,1,1
937,2,0,1,1,1,1
938,3,1,1,1,1,1
939,4,0,0,0,0,1
940,0,0,0,0,0,0
941,1,1,1,1,1,1
942,2,0,1,1,1,1
943,3,1,1,1,1,1
944,4,0,0,1,1,1
945,0,0,0,0,0,0
946,1,1,1,1,1,1
947,2,0,1,1,1,1
948,3,1,1,1,1,1
949,4,0,0,0,0,1
950,0,0,0,0,0,0
951,1,1,1,1,1,1
952,2,1,1,1,1,1
953,3,1,1,1,1,1
954,4,0,1,0,0,1
955,0,0,0,0,0,0
956,1,1,1,1,1,1
957,2,0,1,1,1,1
958,3,1,1,1,1,1
959,4,0,0,0,0,1
960,0,0,0,0,0,0
961,1,1,1,1,1,1
962,2,0,1,1,1,1
963,3,1,1,1,1,1
964,4,0,0,0,1,1
965,0,0,0,0,0,0
966,1,1,1,1,1,1
967,2,0,1,1,1,1
968,3,1,1,1,1,1
969,4,0,1,0,0,1
970,0,0,0,0,0,0
971,1,1,1,1,1,1
972,2,0,1,1,1,1
973,3,1,1,1,1,1
974,4,0,1,1,1,1
975,0,0,0,0,0,0
976,1,1,1,1,1,1
977,2,0,1,1,1,1
978,3,1,1,1,1,1
979,4,0,0,0,1,1
980,0,0,0,0,0,0
981,1,1,1,1,1,1
982,2,0,1,1,1,1
983,3,1,1,1,1,1
984,4,0,1,0,1,1
985,0,0,0,0,0,0
986,1,1,1,1,1,1
987,2,0,1,1,1,1
988,3,1,1,1,1,1
989,4,0,0,0,0,1
990,0,0,0,0,0,0
991,1,1,1,1,1,1
992,2,0,1,1,1,1
993,3,1,1,1,1,1
994,4,0,0,1,1,1
995,0,0,0,0,0,0
996,1,1,1,1,1,1
997,2,0,1,1,1,1
998,3,1,1,1,1,1
999,4,0,0,0,0,1
1000,0,0,0,0,0,0
1001,1,1,1,1,1,1
1002,2,0,1,1,1,1
1003,3,1,1,1,1,1
1004,4,0,0,0,0,1
1005,0,0,0,0,0,0
1006,1,1,1,1,1,1
1007,2,0,1,1,1,1
1008,3,1,1,1,1,1
1009,4,0,0,1,0,1
1010,0,0,0,0,0,0
1011,1,1,1,1,1,1
1012,2,1,1,1,1,1
1013,3,1,1,1,1,1
1014,4,0,1,0,0,1
1015,0,0,0,0,0,0
1016,1,1,1,1,1,1
1017,2,0,1,1,1,1
1018,3,1,1,1,1,1
1019,4,0,0,0,1,1
1020,0,0,0,0,0,0
1021,1,1,1,1,1,1
1022,2,0,1,1,1,1
1023,3,1,1,1,1,1
1024,4,0,0,0,0,1
1025,0,0,0,0,0,0
1026,1,1,1,1,1,1
1027,2,0,1,1,1,1
1028,3,1,1,1,1,1
1029,4,0,0,1,0,1
1030,0,0,0,0,0,0
1031,1,1,1,1,1,1
1032,2,1,1,1,1,1
1033,3,1,1,1,1,1
1034,4,0,0,1,1,1
1035,0,0,0,0,0,0
1036,1,1,1,1,1,1
1037,2,0,1,1,1,1
1038,3,1,1,1,1,1
1039,4,0,0,0,1,1
1040,0,0,0,0,0,0
1041,1,1,1,1,1,1
1042,2,0,1,1,1,1
1043,3,1,1,1,1,1
1044,4,0,1,0,1,1
1045,0,0,0,0,0,0
1046,1,1,1,1,1,1
1047,2,0,1,1,1,1
1048,3,1,1,1,1,1
1049,4,0,0,0,0,1
1050,0,0,0,0,0,0
1051,1,1,1,1,1,1
1052,2,1,1,1,1,1
1053,3,1,1,1,1,1
1054,4,0,1,0,0,1
1055,0,0,0,0,0,0
1056,1,1,1,1,1,1
1057,2,0,1,1,1,1
1058,3,1,1,1,1,1
1059,4,0,0,0,1,1
1060,0,0,0,0,0,0
1061,1,1,1,1,1,1
1062,2,0,1,1,1,1
1063,3,1,1,1,1,1
1064,4,0,0,0,0,1
1065,0,0,0,0,0,0
1066,1,1,1,1,1,1
1067,2,0,1,1,1,1
1068,3,1,1,1,1,1
1069,4,0,0,0,1,1
1070,0,0,0,0,0,0
1071,1,1,1,1,1,1
1072,2,0,1,1,1,1
1073,3,1,1,1,1,1
1074,4,0,0,1,0,1
1075,0,0,0,0,0,0
1076,1,1,1,1,1,1
1077,2,0,1,1,1,1
1078,3,1,1,1,1,1
1079,4,0,0,0,1,1
1080,0,0,0,0,0,0
1081,1,1,1,1,1,1
1082,2,0,1,1,1,1
1083,3,1,1,1,1,1
1084,4,0,0,1,0,1
1085,0,0,0,0,0,0
1086,1,1,1,1,1,1
1087,2,0,1,1,1,1
1088,3,1,1,1,1,1
1089,4,0,1,0,0,1
1090,0,0,0,0,0,0
1091,1,1,1,1,1,1
1092,2,1,1,1,1,1
1093,3,1,1,1,1,1
1094,4,0,1,1,0,1
1095,0,0,0,0,0,0
1096,1,1,1,1,1,1
1097,2,1,1,1,1,1
1098,3,1,1,1,1,1
1099,4,0,0,0,1,1
1100,0,0,0,0,0,0
1101,1,1,1,1,1,1
1102,2,1,1,1,1,1
1103,3,1,1,1,1,1
1104,4,0,0,0,1,1
1105,0,0,0,0,0,0
1106,1,1,1,1,1,1
1107,2,0,1,1,1,1
1108,3,1,1,1,1,1
1109,4,0,0,0,0,1
1110,0,0,0,0,0,0
1111,1,1,1,1,1,1
1112,2,1,1,1,1,1
1113,3,1,1,1,1,1
1114,4,0,1,0,0,1
1115,0,0,0,0,0,0
1116,1,1,1,1,1,1
1117,2,0,1,1,1,1
1118,3,1,1,1,1,1
1119,4,0,0,1,0,1
1120,0,0,0,0,0,0
1121,1,1,1,1,1,1
1122,2,0,1,1,1,1
1123,3,1,1,1,1,1
1124,4,0,0,1,0,1
1125,0,0,0,0,0,0
1126,1,1,1,1,1,1
1127,2,1,1,1,1,1
1128,3,1,1,1,1,1
1129,4,0,0,0,0,1
1130,0,0,0,0,0,0
1131,1,1,1,1,1,1
1132,2,0,1,1,1,1
1133,3,1,1,1,1,1
1134,4,0,1,0,0,1
1135,0,0,0,0,0,0
1136,1,1,1,1,1,1
1137,2,1,1,1,1,1
1138,3,1,1,1,1,1
1139,4,0,0,0,1,1
1140,0,0,0,0,0,0
1141,1,1,1,1,1,1
1142,2,1,1,1,1,1
1143,3,1,1,1,1,1
1144,4,0,1,0,1,1
1145,0,0,0,0,0,0
1146,1,1,1,1,1,1
1147,2,0,1,1,1,1
1148,3,1,1,1,1,1
1149,4,0,0,0,0,1
1150,0,0,0,0,0,0
1151,1,1,1,1,1,1
1152,2,0,1,1,1,1
1153,3,1,1,1,1,1
1154,4,0,1,0,0,1
1155,0,0,0,0,0,0
1156,1,1,1,1,1,1
1157,2,1,1,1,1,1
1158,3,1,1,1,1,1
1159,4,0,0,1,0,1
1160,0,0,0,0,0,0
1161,1,1,1,1,1,1
1162,2,0,1,1,1,1
1163,3,1,1,1,1,1
1164,4,0,0,0,0,1
1165,0,0,0,0,0,0
1166,1,1,1,1,1,1
1167,2,0,1,1,1,1
1168,3,1,1,1,1,1
1169,4,0,0,0,0,1
1170,0,0,0,0,0,0
1171,1,1,1,1,1,1
1172,2,0,1,1,1,1
1173,3,1,1,1,1,1
1174,4,0,0,0,0,1
1175,0,0,0,0,0,0
1176,1,1,1,1,1,1
1177,2,0,1,1,1,1
1178,3,1,1,1,1,1
1179,4,0,1,0,0,1
1180,0,0,0,0,0,0
1181,1,1,1,1,1,1
1182,2,0,1,1,1,1
1183,3,1,1,1,1,1
1184,4,0,0,0,1,1
1185,0,0,0,0,0,0
1186,1,1,1,1,1,1
1187,2,0,1,1,1,1
1188,3,1,1,1,1,1
1189,4,0,0,1,0,1
1190,0,0,0,0,0,0
1191,1,1,1,1,1,1
1192,2,1,1,1,1,1
1193,3,1,1,1,1,1
1194,4,0,0,1,0,1
1195,0,0,0,0,0,0
1196,1,1,1,1,1,1
1197,2,1,1,1,1,1
1198,3,1,1,1,1,1
1199,4,0,0,0,1,1
1200,0,0,0,0,0,0
1201,1,1,1,1,1,1
1202,2,0,1,1,1,1
1203,3,1,1,1,1,1
1204,4,0,1,0,0,1
1205,0,0,0,0,0,0
1206,1,1,1,1,1,1
1207,2,1,1,1,1,1
1208,3,1,1,1,1,1
1209,4,0,0,0,0,1
1210,0,0,0,0,0,0
1211,1,1,1,1,1,1
1212,2,0,1,1,1,1
1213,3,1,1,1,1,1
1214,4,0,0,0,0,1
1215,0,0,0,0,0,0
1216,1,1,1,1,1,1
1217,2,1,1,1,1,1
1218,3,1,1,1,1,1
1219,4,0,0,0,1,1
1220,0,0,0,0,0,0
1221,1,1,1,1,1,1
1222,2,0,1,1,1,1
1223,3,1,1,1,1,1
1224,4,0,0,0,0,1
1225,0,0,0,0,0,0
1226,1,1,1,1,1,1
1227,2,0,1,1,1,1
1228,3,1,1,1,1,1
1229,4,0,0,0,1,1
1230,0,0,0,0,0,0
1231,1,1,1,1,1,1
1232,2,0,1,1,1,1
1233,3,1,1,1,1,1
1234,4,0,0,0,1,1
1235,0,0,0,0,0,0
1236,1,1,1,1,1,1
1237,2,0,1,1,1,1
1238,3,1,1,1,1,1
1239,4,0,1,0,0,1
1240,0,0,0,0,0,0
1241,1,1,1,1,1,1
1242,2,0,1,1,1,1
1243,3,1,1,1,1,1
1244,4,0,1,0,0,1
1245,0,0,0,0,0,0
1246,1,1,1,1,1,1
1247,2,0,1,1,1,1
1248,3,1,1,1,1,1
1249,4,0,0,1,0,1
1250,0,0,0,0,0,0
1251,1,1,1,1,1,1
1252,2,0,1,1,1,1
1253,3,1,1,1,1,1
1254,4,0,0,0,0,1
1255,0,0,0,0,0,0
1256,1,1,1,1,1,1
1257,2,0,1,1,1,1
1258,3,1,1,1,1,1
1259,4,0,0,0,0,1
1260,0,0,0,0,0,0
1261,1,1,1,1,1,1
1262,2,0,1,1,1,1
1263,3,1,1,1,1,1
1264,4,0,1,0,0,1
1265,0,0,0,0,0,0
1266,1,1,1,1,1,1
1267,2,0,1,1,1,1
1268,3,1,1,1,1,1
1269,4,0,0,0,0,1
1270,0,0,0,0,0,0
1271,1,1,1,1,1,1
1272,2,0,1,1,1,1
1273,3,1,1,1,1,1
1274,4,0,0,0,0,1
1275,0,0,0,0,0,0
1276,1,1,1,1,1,1
1277,2,0,1,1,1,1
1278,3,1,1,1,1,1
1279,4,0,0,0,0,1
1280,0,0,0,0,0,0
1281,1,1,1,1,1,1
1282,2,1,1,1,1,1
1283,3,1,1,1,1,1
1284,4,0,0,0,0,1
1285,0,0,0,0,0,0
1286,1,1,1,1,1,1
1287,2,0,1,1,1,1
1288,3,1,1,1,1,1
1289,4,0,0,0,0,1
1290,0,0,0,0,0,0
1291,1,1,1,1,1,1
1292,2,0,1,1,1,1
1293,3,1,1,1,1,1
1294,4,0,0,0,0,1
1295,0,0,0,0,0,0
1296,1,1,1,1,1,1
1297,2,0,1,1,1,1
1298,3,1,1,1,1,1
1299,4,0,0,1,1,1
1300,0,0,0,0,0,0
1301,1,1,1,1,1,1
1302,2,1,1,1,1,1
1303,3,1,1,1,1,1
1304,4,0,0,0,0,1
1305,0,0,0,0,0,0
1306,1,1,1,1,1,1
1307,2,0,1,1,1,1
1308,3,1,1,1,1,1
1309,4,0,0,0,0,1
1310,0,0,0,0,0,0
1311,1,1,1,1,1,1
1312,2,1,1,1,1,1
1313,3,1,1,1,1,1
1314,4,0,0,1,1,1
1315,0,0,0,0,0,0
1316,1,1,1,1,1,1
1317,2,0,1,1,1,1
1318,3,1,1,1,1,1
1319,4,0,0,0,0,1
1320,0,0,0,0,0,0
1321,1,1,1,1,1,1
1322,2,0,1,1,1,1
1323,3,1,1,1,1,1
1324,4,0,0,0,0,1
1325,0,0,0,0,0,0
1326,1,1,1,1,1,1
1327,2,0,1,1,1,1
1328,3,1,1,1,1,1
1329,4,0,1,0,1,1
1330,0,0,0,0,0,0
1331,1,1,1,1,1,1
1332,2,0,1,1,1,1
1333,3,1,1,1,1,1
1334,4,0,0,1,0,1
1335,0,0,0,0,0,0
1336,1,1,1,1,1,1
1337,2,0,1,1,1,1
1338,3,1,1,1,1,1
1339,4,0,0,0,0,1
1340,0,0,0,0,0,0
1341,1,1,1,1,1,1
1342,2,1,1,1,1,1
1343,3,1,1,1,1,1
1344,4,0,1,1,0,1
1345,0,0,0,0,0,0
1346,1,1,1,1,1,1
1347,2,1,1,1,1,1
1348,3,1,1,1,1,1
1349,4,0,0,0,0,1
1350,0,0,0,0,0,0
1351,1,1,1,1,1,1
1352,2,0,1,1,1,1
1353,3,1,1,1,1,1
1354,4,0,0,0,0,1
1355,0,0,0,0,0,0
1356,1,1,1,1,1,1
1357,2,1,1,1,1,1
1358,3,1,1,1,1,1
1359,4,0,1,0,0,1
1360,0,0,0,0,0,0
1361,1,1,1,1,1,1
1362,2,0,1,1,1,1
1363,3,1,1,1,1,1
1364,4,0,0,0,0,1
1365,0,0,0,0,0,0
1366,1,1,1,1,1,1
1367,2,0,1,1,1,1
1368,3,1,1,1,1,1
1369,4,0,0,1,1,1
1370,0,0,0,0,0,0
1371,1,1,1,1,1,1
1372,2,0,1,1,1,1
1373,3,1,1,1,1,1
1374,4,0,0,0,1,1
1375,0,0,0,0,0,0
1376,1,1,1,1,1,1
1377,2,0,1,1,1,1
1378,3,1,1,1,1,1
1379,4,0,0,0,0,1
1380,0,0,0,0,0,0
1381,1,1,1,1,1,1
1382,2,0,1,1,1,1
1383,3,1,1,1,1,1
1384,4,0,0,1,0,1
1385,0,0,0,0,0,0
1386,1,1,1,1,1,1
1387,2,0,1,1,1,1
1388,3,1,1,1,1,1
1389,4,0,0,0,1,1
1390,0,0,0,0,0,0
1391,1,1,1,1,1,1
1392,2,0,1,1,1,1
1393,3,1,1,1,1,1
1394,4,0,0,0,0,1
1395,0,0,0,0,0,0
1396,1,1,1,1,1,1
1397,2,0,1,1,1,1
1398,3,1,1,1,1,1
1399,4,0,1,0,0,1
1400,0,0,0,0,0,0
1401,1,1,1,1,1,1
1402,2,0,1,1,1,1
1403,3,1,1,1,1,1
1404,4,0,0,0,0,1
1405,0,0,0,0,0,0
1406,1,1,1,1,1,1
1407,2,0,1,1,1,1
1408,3,1,1,1,1,1
1409,4,0,1,0,0,1
1410,0,0,0,0,0,0
1411,1,1,1,1,1,1
1412,2,1,1,1,1,1
1413,3,1,1,1,1,1
1414,4,0,0,1,0,1
1415,0,0,0,0,0,0
1416,1,1,1,1,1,1
1417,2,1,1,1,1,1
1418,3,1,1,1,1,1
1419,4,0,0,1,0,1
1420,0,0,0,0,0,0
1421,1,1,1,1,1,1
1422,2,0,1,1,1,1
1423,3,1,1,1,1,1
1424,4,0,1,0,0,1
1425,0,0,0,0,0,0
1426,1,1,1,1,1,1
1427,2,0,1,1,1,1
1428,3,1,1,1,1,1
1429,4,0,1,0,1,1
1430,0,0,0,0,0,0
1431,1,1,1,1,1,1
1432,2,0,1,1,1,1
1433,3,1,1,1,1,1
1434,4,0,0,0,1,1
1435,0,0,0,0,0,0
1436,1,1,1,1,1,1
1437,2,0,1,1,1,1
1438,3,1,1,1,1,1
1439,4,0,1,0,0,1
1440,0,0,0,0,0,0
1441,1,1,1,1,1,1
1442,2,0,1,1,1,1
1443,3,1,1,1,1,1
1444,4,0,0,0,0,1
1445,0,0,0,0,0,0
1446,1,1,1,1,1,1
1447,2,0,1,1,1,1
1448,3,1,1,1,1,1
1449,4,0,0,0,0,1
1450,0,0,0,0,0,0
1451,1,1,1,1,1,1
1452,2,0,1,1,1,1
1453,3,1,1,1,1,1
1454,4,0,0,1,1,1
1455,0,0,0,0,0,0
1456,1,1,1,1,1,1
1457,2,0,1,1,1,1
1458,3,1,1,1,1,1
1459,4,0,0,0,0,1
1460,0,0,0,0,0,0
1461,1,1,1,1,1,1
1462,2,0,1,1,1,1
1463,3,1,1,1,1,1
1464,4,0,0,0,0,1
1465,0,0,0,0,0,0
1466,1,1,1,1,1,1
1467,2,0,1,1,1,1
1468,3,1,1,1,1,1
1469,4,0,0,1,0,1
1470,0,0,0,0,0,0
1471,1,1,1,1,1,1
1472,2,0,1,1,1,1
1473,3,1,1,1,1,1
1474,4,0,0,0,0,1
1475,0,0,0,0,0,0
1476,1,1,1,1,1,1
1477,2,1,1,1,1,1
1478,3,1,1,1,1,1
1479,4,0,0,0,0,1
1480,0,0,0,0,0,0
1481,1,1,1,1,1,1
1482,2,1,1,1,1,1
1483,3,1,1,1,1,1
1484,4,0,1,1,0,1
1485,0,0,0,0,0,0
1486,1,1,1,1,1,1
1487,2,0,1,1,1,1
1488,3,1,1,1,1,1
1489,4,0,0,0,0,1
1490,0,0,0,0,0,0
1491,1,1,1,1,1,1
1492,2,0,1,1,1,1
1493,3,1,1,1,1,1
1494,4,0,0,0,0,1
1495,0,0,0,0,0,0
1496,1,1,1,1,1,1
1497,2,0,1,1,1,1
1498,3,1,1,1,1,1
1499,4,0,0,0,0,1
1500,0,0,0,0,0,0
1501,1,1,1,1,1,1
1502,2,0,1,1,1,1
1503,3,1,1,1,1,1
1504,4,0,0,0,1,1
1505,0,0,0,0,0,0
1506,1,1,1,1,1,1
1507,2,1,1,1,1,1
1508,3,1,1,1,1,1
1509,4,0,0,0,0,1
1510,0,0,0,0,0,0
1511,1,1,1,1,1,1
1512,2,0,1,1,1,1
1513,3,1,1,1,1,1
1514,4,0,0,1,0,1
1515,0,0,0,0,0,0
1516,1,1,1,1,1,1
1517,2,0,1,1,1,1
1518,3,1,1,1,1,1
1519,4,0,1,0,0,1
1520,0,0,0,0,0,0
1521,1,1,1,1,1,1
1522,2,0,1,1,1,1
1523,3,1,1,1,1,1
1524,4,0,0,0,0,1
1525,0,0,0,0,0,0
1526,1,1,1,1,1,1
1527,2,1,1,1,1,1
1528,3,1,1,1,1,1
1529,4,0,0,0,0,1
1530,0,0,0,0,0,0
1531,1,1,1,1,1,1
1532,2,0,1,1,1,1
1533,3,1,1,1,1,1
1534,4,0,1,0,0,1
1535,0,0,0,0,0,0
1536,1,1,1,1,1,1
1537,2,0,1,1,1,1
1538,3,1,1,1,1,1
1539,4,0,0,0,0,1
1540,0,0,0,0,0,0
1541,1,1,1,1,1,1
1542,2,0,1,1,1,1
1543,3,1,1,1,1,1
1544,4,0,0,0,1,1
1545,0,0,0,0,0,0
1546,1,1,1,1,1,1
1547,2,0,1,1,1,1
1548,3,1,1,1,1,1
1549,4,0,0,0,0,1
1550,0,0,0,0,0,0
1551,1,1,1,1,1,1
1552,2,0,1,1,1,1
1553,3,1,1,1,1,1
1554,4,0,0,1,0,1
1555,0,0,0,0,0,0
1556,1,1,1,1,1,1
1557,2,0,1,1,1,1
1558,3,1,1,1,1,1
1559,4,0,1,0,1,1
1560,0,0,0,0,0,0
1561,1,1,1,1,1,1
1562,2,0,1,1,1,1
1563,3,1,1,1,1,1
1564,4,0,0,0,0,1
1565,0,0,0,0,0,0
1566,1,1,1,1,1,1
1567,2,0,1,1,1,1
1568,3,1,1,1,1,1
1569,4,0,0,0,0,1
1570,0,0,0,0,0,0
1571,1,1,1,1,1,1
1572,2,0,1,1,1,1
1573,3,1,1,1,1,1
1574,4,0,0,0,0,1
1575,0,0,0,0,0,0
1576,1,1,1,1,1,1
1577,2,0,1,1,1,1
1578,3,1,1,1,1,1
1579,4,0,1,0,0,1
1580,0,0,0,0,0,0
1581,1,1,1,1,1,1
1582,2,0,1,1,1,1
1583,3,1,1,1,1,1
1584,4,0,0,1,0,1
1585,0,0,0,0,0,0
1586,1,1,1,1,1,1
1587,2,1,1,1,1,1
1588,3,1,1,1,1,1
1589,4,0,0,0,0,1
1590,0,0,0,0,0,0
1591,1,1,1,1,1,1
1592,2,0,1,1,1,1
1593,3,1,1,1,1,1
1594,4,0,0,1,1,1
1595,0,0,0,0,0,0
1596,1,1,1,1,1,1
1597,2,0,1,1,1,1
1598,3,1,1,1,1,1
1599,4,0,0,0,1,1
1600,0,0,0,0,0,0
1601,1,1,1,1,1,1
1602,2,1,1,1,1,1
1603,3,1,1,1,1,1
1604,4,0,0,0,0,1
1605,0,0,0,0,0,0
1606,1,1,1,1,1,1
1607,2,1,1,1,1,1
1608,3,1,1,1,1,1
1609,4,0,1,0,0,1
1610,0,0,0,0,0,0
1611,1,1,1,1,1,1
1612,2,0,1,1,1,1
1613,3,1,1,1,1,1
1614,4,0,0,1,0,1
1615,0,0,0,0,0,0
1616,1,1,1,1,1,1
1617,2,0,1,1,1,1
1618,3,1,1,1,1,1
1619,4,0,1,0,0,1
1620,0,0,0,0,0,0
1621,1,1,1,1,1,1
1622,2,1,1,1,1,1
1623,3,1,1,1,1,1
1624,4,0,1,0,0,1
1625,0,0,0,0,0,0
1626,1,1,1,1,1,1
1627,2,0,1,1,1,1
1628,3,1,1,1,1,1
1629,4,0,0,0,0,1
1630,0,0,0,0,0,0
1631,1,1,1,1,1,1
1632,2,0,1,1,1,1
1633,3,1,1,1,1,1
1634,4,0,0,0,1,1
1635,0,0,0,0,0,0
1636,1,1,1,1,1,1
1637,2,0,1,1,1,1
1638,3,1,1,1,1,1
1639,4,0,0,1,1,1
1640,0,0,0,0,0,0
1641,1,1,1,1,1,1
1642,2,0,1,1,1,1
1643,3,1,1,1,1,1
1644,4,0,1,0,0,1
1645,0,0,0,0,0,0
1646,1,1,1,1,1,1
1647,2,0,1,1,1,1
1648,3,1,1,1,1,1
1649,4,0,0,0,0,1
1650,0,0,0,0,0,0
1651,1,1,1,1,1,1
1652,2,0,1,1,1,1
1653,3,1,1,1,1,1
1654,4,0,1,0,0,1
1655,0,0,0,0,0,0
1656,1,1,1,1,1,1
1657,2,0,1,1,1,1
1658,3,1,1,1,1,1
1659,4,0,0,0,0,1
1660,0,0,0,0,0,0
1661,1,1,1,1,1,1
1662,2,0,1,1,1,1
1663,3,1,1,1,1,1
1664,4,0,0,0,1,1
1665,0,0,0,0,0,0
1666,1,1,1,1,1,1
1667,2,0,1,1,1,1
1668,3,1,1,1,1,1
1669,4,0,0,0,0,1
1670,0,0,0,0,0,0
1671,1,1,1,1,1,1
1672,2,0,1,1,1,1
1673,3,1,1,1,1,1
1674,4,0,0,1,1,1
1675,0,0,0,0,0,0
1676,1,1,1,1,1,1
1677,2,0,1,1,1,1
1678,3,1,1,1,1,1
1679,4,0,0,0,0,1
1680,0,0,0,0,0,0
1681,1,1,1,1,1,1
1682,2,0,1,1,1,1
1683,3,1,1,1,1,1
1684,4,0,1,0,0,1
1685,0,0,0,0,0,0
1686,1,1,1,1,1,1
1687,2,0,1,1,1,1
1688,3,1,1,1,1,1
1689,4,0,0,0,1,1
1690,0,0,0,0,0,0
1691,1,1,1,1,1,1
1692,2,0,1,1,1,1
1693,3,1,1,1,1,1
1694,4,0,0,1,1,1
1695,0,0,0,0,0,0
1696,1,1,1,1,1,1
1697,2,0,1,1,1,1
1698,3,1,1,1,1,1
1699,4,0,0,0,0,1
1700,0,0,0,0,0,0
1701,1,1,1,1,1,1
1702,2,1,1,1,1,1
1703,3,1,1,1,1,1
1704,4,0,0,1,0,1
1705,0,0,0,0,0,0
1706,1,1,1,1,1,1
1707,2,0,1,1,1,1
1708,3,1,1,1,1,1
1709,4,0,0,1,1,1
1710,0,0,0,0,0,0
1711,1,1,1,1,1,1
1712,2,0,1,1,1,1
1713,3,1,1,1,1,1
1714,4,0,0,1,1,1
1715,0,0,0,0,0,0
1716,1,1,1,1,1,1
1717,2,0,1,1,1,1
1718,3,1,1,1,1,1
1719,4,0,0,0,0,1
1720,0,0,0,0,0,0
1721,1,1,1,1,1,1
1722,2,0,1,1,1,1
1723,3,1,1,1,1,1
1724,4,0,0,0,0,1
1725,0,0,0,0,0,0
1726,1,1,1,1,1,1
1727,2,0,1,1,1,1
1728,3,1,1,1,1,1
1729,4,0,0,0,0,1
1730,0,0,0,0,0,0
1731,1,1,1,1,1,1
1732,2,0,1,1,1,1
1733,3,1,1,1,1,1
1734,4,0,0,1,0,1
1735,0,0,0,0,0,0
1736,1,1,1,1,1,1
1737,2,0,1,1,1,1
1738,3,1,1,1,1,1
1739,4,0,0,0,0,1
1740,0,0,0,0,0,0
1741,1,1,1,1,1,1
1742,2,0,1,1,1,1
1743,3,1,1,1,1,1
1744,4,0,0,0,0,1
1745,0,0,0,0,0,0
1746,1,1,1,1,1,1
1747,2,0,1,1,1,1
1748,3,1,1,1,1,1
1749,4,0,1,0,0,1
1750,0,0,0,0,0,0
1751,1,1,1,1,1,1
1752,2,0,1,1,1,1
1753,3,1,1,1,1,1
1754,4,0,0,0,1,1
1755,0,0,0,0,0,0
1756,1,1,1,1,1,1
1757,2,0,1,1,1,1
1758,3,1,1,1,1,1
1759,4,0,0,0,0,1
1760,0,0,0,0,0,0
1761,1,1,1,1,1,1
1762,2,0,1,1,1,1
1763,3,1,1,1,1,1
1764,4,0,0,1,0,1
1765,0,0,0,0,0,0
1766,1,1,1,1,1,1
1767,2,0,1,1,1,1
1768,3,1,1,1,1,1
1769,4,0,0,0,0,1
1770,0,0,0,0,0,0
1771,1,1,1,1,1,1
1772,2,0,1,1,1,1
1773,3,1,1,1,1,1
1774,4,0,0,1,0,1
1775,0,0,0,0,0,0
1776,1,1,1,1,1,1
1777,2,1,1,1,1,1
1778,3,1,1,1,1,1
1779,4,0,0,0,0,1
1780,0,0,0,0,0,0
1781,1,1,1,1,1,1
1782,2,0,1,1,1,1
1783,3,1,1,1,1,1
1784,4,0,0,0,0,1
1785,0,0,0,0,0,0
1786,1,1,1,1,1,1
1787,2,0,1,1,1,1
1788,3,1,1,1,1,1
1789,4,0,0,0,1,1
1790,0,0,0,0,0,0
1791,1,1,1,1,1,1
1792,2,0,1,1,1,1
1793,3,1,1,1,1,1
1794,4,0,0,1,1,1
1795,0,0,0,0,0,0
1796,1,1,1,1,1,1
1797,2,0,1,1,1,1
1798,3,1,1,1,1,1
1799,4,0,0,0,0,1
1800,0,0,0,0,0,0
1801,1,1,1,1,1,1
1802,2,1,1,1,1,1
1803,3,1,1,1,1,1
1804,4,0,0,1,0,1
1805,0,0,0,0,0,0
1806,1,1,1,1,1,1
1807,2,0,1,1,1,1
1808,3,1,1,1,1,1
1809,4,0,0,0,1,1
1810,0,0,0,0,0,0
1811,1,1,1,1,1,1
1812,2,0,1,1,1,1
1813,3,1,1,1,1,1
1814,4,0,0,0,0,1
1815,0,0,0,0,0,0
1816,1,1,1,1,1,1
1817,2,1,1,1,1,1
1818,3,1,1,1,1,1
1819,4,0,1,0,0,1
1820,0,0,0,0,0,0
1821,1,1,1,1,1,1
1822,2,0,1,1,1,1
1823,3,1,1,1,1,1
1824,4,0,1,0,0,1
1825,0,0,0,0,0,0
1826,1,1,1,1,1,1
1827,2,1,1,1,1,1
1828,3,1,1,1,1,1
1829,4,0,1,0,1,1
1830,0,0,0,0,0,0
1831,1,1,1,1,1,1
1832,2,0,1,1,1,1
1833,3,1,1,1,1,1
1834,4,0,1,0,1,1
1835,0,0,0,0,0,0
1836,1,1,1,1,1,1
1837,2,0,1,1,1,1
1838,3,1,1,1,1,1
1839,4,0,0,0,0,1
1840,0,0,0,0,0,0
1841,1,1,1,1,1,1
1842,2,0,1,1,1,1
1843,3,1,1,1,1,1
1844,4,0,0,0,0,1
1845,0,0,0,0,0,0
1846,1,1,1,1,1,1
1847,2,0,1,1,1,1
1848,3,1,1,1,1,1
1849,4,0,1,0,0,1
1850,0,0,0,0,0,0
1851,1,1,1,1,1,1
1852,2,0,1,1,1,1
1853,3,1,1,1,1,1
1854,4,0,0,0,1,1
1855,0,0,0,0,0,0
1856,1,1,1,1,1,1
1857,2,0,1,1,1,1
1858,3,1,1,1,1,1
1859,4,0,0,0,0,1
1860,0,0,0,0,0,0
1861,1,1,1,1,1,1
1862,2,0,1,1,1,1
1863,3,1,1,1,1,1
1864,4,0,0,0,0,1
1865,0,0,0,0,0,0
1866,1,1,1,1,1,1
1867,2,0,1,1,1,1
1868,3,1,1,1,1,1
1869,4,0,0,0,0,1
1870,0,0,0,0,0,0
1871,1,1,1,1,1,1
1872,2,1,1,1,1,1
1873,3,1,1,1,1,1
1874,4,0,1,0,0,1
1875,0,0,0,0,0,0
1876,1,1,1,1,1,1
1877,2,0,1,1,1,1
1878,3,1,1,1,1,1
1879,4,0,0,0,0,1
1880,0,0,0,0,0,0
1881,1,1,1,1,1,1
1882,2,1,1,1,1,1
1883,3,1,1,1,1,1
1884,4,0,1,1,0,1
1885,0,0,0,0,0,0
1886,1,1,1,1,1,1
1887,2,1,1,1,1,1
1888,3,1,1,1,1,1
1889,4,0,0,0,0,1
1890,0,0,0,0,0,0
1891,1,1,1,1,1,1
1892,2,1,1,1,1,1
1893,3,1,1,1,1,1
1894,4,0,1,0,0,1
1895,0,0,0,0,0,0
1896,1,1,1,1,1,1
1897,2,0,1,1,1,1
1898,3,1,1,1,1,1
1899,4,0,0,0,0,1
1900,0,0,0,0,0,0
1901,1,1,1,1,1,1
1902,2,0,1,1,1,1
1903,3,1,1,1,1,1
1904,4,0,0,0,0,1
1905,0,0,0,0,0,0
1906,1,1,1,1,1,1
1907,2,0,1,1,1,1
1908,3,1,1,1,1,1
1909,4,0,0,0,1,1
1910,0,0,0,0,0,0
1911,1,1,1,1,1,1
1912,2,0,1,1,1,1
1913,3,1,1,1,1,1
1914,4,0,0,0,0,1
1915,0,0,0,0,0,0
1916,1,1,1,1,1,1
1917,2,0,1,1,1,1
1918,3,1,1,1,1,1
1919,4,0,0,1,0,1
1920,0,0,0,0,0,0
1921,1,1,1,1,1,1
1922,2,0,1,1,1,1
1923,3,1,1,1,1,1
1924,4,0,0,0,1,1
1925,0,0,0,0,0,0
1926,1,1,1,1,1,1
1927,2,1,1,1,1,1
1928,3,1,1,1,1,1
1929,4,0,1,1,1,1
1930,0,0,0,0,0,0
1931,1,1,1,1,1,1
1932,2,1,1,1,1,1
1933,3,1,1,1,1,1
1934,4,0,0,0,0,1
1935,0,0,0,0,0,0
1936,1,1,1,1,1,1
1937,2,0,1,1,1,1
1938,3,1,1,1,1,1
1939,4,0,1,0,0,1
1940,0,0,0,0,0,0
1941,1,1,1,1,1,1
1942,2,0,1,1,1,1
1943,3,1,1,1,1,1
1944,4,0,0,0,0,1
1945,0,0,0,0,0,0
1946,1,1,1,1,1,1
1947,2,0,1,1,1,1
1948,3,1,1,1,1,1
1949,4,0,0,0,0,1
1950,0,0,0,0,0,0
1951,1,1,1,1,1,1
1952,2,1,1,1,1,1
1953,3,1,1,1,1,1
1954,4,0,0,0,0,1
1955,0,0,0,0,0,0
1956,1,1,1,1,1,1
1957,2,1,1,1,1,1
1958,3,1,1,1,1,1
1959,4,0,0,0,0,1
1960,0,0,0,0,0,0
1961,1,1,1,1,1,1
1962,2,1,1,1,1,1
1963,3,1,1,1,1,1
1964,4,0,0,0,0,1
1965,0,0,0,0,0,0
1966,1,1,1,1,1,1
1967,2,0,1,1,1,1
1968,3,1,1,1,1,1
1969,4,0,0,0,0,1
1970,0,0,0,0,0,0
1971,1,1,1,1,1,1
1972,2,0,1,1,1,1
1973,3,1,1,1,1,1
1974,4,0,1,0,0,1
1975,0,0,0,0,0,0
1976,1,1,1,1,1,1
1977,2,0,1,1,1,1
1978,3,1,1,1,1,1
1979,4,0,0,0,0,1
1980,0,0,0,0,0,0
1981,1,1,1,1,1,1
1982,2,0,1,1,1,1
1983,3,1,1,1,1,1
1984,4,0,0,0,0,1
1985,0,0,0,0,0,0
1986,1,1,1,1,1,1
1987,2,0,1,1,1,1
1988,3,1,1,1,1,1
1989,4,0,0,0,0,1
1990,0,0,0,0,0,0
1991,1,1,1,1,1,1
1992,2,0,1,1,1,1
1993,3,1,1,1,1,1
1994,4,0,0,0,0,1
1995,0,0,0,0,0,0
1996,1,1,1,1,1,1
1997,2,0,1,1,1,1
1998,3,1,1,1,1,1
1999,4,0,0,0,0,1
2000,0,0,0,0,0,0
2001,1,1,1,1,1,1
2002,2,0,1,1,1,1
2003,3,1,1,1,1,1
2004,4,0,0,0,0,1
2005,0,0,0,0,0,0
2006,1,1,1,1,1,1
2007,2,0,1,1,1,1
2008,3,1,1,1,1,1
2009,4,0,0,0,1,1
2010,0,0,0,0,0,0
2011,1,1,1,1,1,1
2012,2,0,1,1,1,1
2013,3,1,1,1,1,1
2014,4,0,1,0,1,1
2015,0,0,0,0,0,0
2016,1,1,1,1,1,1
2017,2,0,1,1,1,1
2018,3,1,1,1,1,1
2019,4,0,0,1,0,1
2020,0,0,0,0,0,0
2021,1,1,1,1,1,1
2022,2,0,1,1,1,1
2023,3,1,1,1,1,1
2024,4,0,1,0,0,1
2025,0,0,0,0,0,0
2026,1,1,1,1,1,1
2027,2,0,1,1,1,1
2028,3,1,1,1,1,1
2029,4,0,0,0,0,1
2030,0,0,0,0,0,0
2031,1,1,1,1,1,1
2032,2,0,1,1,1,1
2033,3,1,1,1,1,1
2034,4,0,0,0,0,1
2035,0,0,0,0,0,0
2036,1,1,1,1,1,1
2037,2,0,1,1,1,1
2038,3,1,1,1,1,1
2039,4,0,0,1,0,1
2040,0,0,0,0,0,0
2041,1,1,1,1,1,1
2042,2,0,1,1,1,1
2043,3,1,1,1,1,1
2044,4,0,0,0,1,1
2045,0,0,0,0,0,0
2046,1,1,1,1,1,1
2047,2,0,1,1,1,1
2048,3,1,1,1,1,1
2049,4,0,0,1,1,1
2050,0,0,0,0,0,0
2051,1,1,1,1,1,1
2052,2,0,1,1,1,1
2053,3,1,1,1,1,1
2054,4,0,0,1,1,1
2055,0,0,0,0,0,0
2056,1,1,1,1,1,1
2057,2,0,1,1,1,1
2058,3,1,1,1,1,1
2059,4,0,0,0,0,1
2060,0,0,0,0,0,0
2061,1,1,1,1,1,1
2062,2,0,1,1,1,1
2063,3,1,1,1,1,1
2064,4,0,0,1,0,1
2065,0,0,0,0,0,0
2066,1,1,1,1,1,1
2067,2,1,1,1,1,1
2068,3,1,1,1,1,1
2069,4,0,0,1,0,1
2070,0,0,0,0,0,0
2071,1,1,1,1,1,1
2072,2,1,1,1,1,1
2073,3,1,1,1,1,1
2074,4,0,0,0,0,1
2075,0,0,0,0,0,0
2076,1,1,1,1,1,1
2077,2,0,1,1,1,1
2078,3,1,1,1,1,1
2079,4,0,0,1,1,1
2080,0,0,0,0,0,0
2081,1,1,1,1,1,1
2082,2,0,1,1,1,1
2083,3,1,1,1,1,1
2084,4,0,0,1,0,1
2085,0,0,0,0,0,0
2086,1,1,1,1,1,1
2087,2,0,1,1,1,1
2088,3,1,1,1,1,1
2089,4,0,0,0,1,1
2090,0,0,0,0,0,0
2091,1,1,1,1,1,1
2092,2,0,1,1,1,1
2093,3,1,1,1,1,1
2094,4,0,0,0,0,1
2095,0,0,0,0,0,0
2096,1,1,1,1,1,1
2097,2,0,1,1,1,1
2098,3,1,1,1,1,1
2099,4,0,0,0,0,1
2100,0,0,0,0,0,0
2101,1,1,1,1,1,1
2102,2,0,1,1,1,1
2103,3,1,1,1,1,1
2104,4,0,0,0,0,1
2105,0,0,0,0,0,0
2106,1,1,1,1,1,1
2107,2,1,1,1,1,1
2108,3,1,1,1,1,1
2109,4,0,0,0,1,1
2110,0,0,0,0,0,0
2111,1,1,1,1,1,1
2112,2,0,1,1,1,1
2113,3,1,1,1,1,1
2114,4,0,0,0,0,1
2115,0,0,0,0,0,0
2116,1,1,1,1,1,1
2117,2,0,1,1,1,1
2118,3,1,1,1,1,1
2119,4,0,0,0,0,1
2120,0,0,0,0,0,0
2121,1,1,1,1,1,1
2122,2,0,1,1,1,1
2123,3,1,1,1,1,1
2124,4,0,0,1,0,1
2125,0,0,0,0,0,0
2126,1,1,1,1,1,1
2127,2,1,1,1,1,1
2128,3,1,1,1,1,1
2129,4,0,0,0,0,1
2130,0,0,0,0,0,0
2131,1,1,1,1,1,1
2132,2,0,1,1,1,1
2133,3,1,1,1,1,1
2134,4,0,0,0,0,1
2135,0,0,0,0,0,0
2136,1,1,1,1,1,1
2137,2,0,1,1,1,1
2138,3,1,1,1,1,1
2139,4,0,0,1,0,1
2140,0,0,0,0,0,0
2141,1,1,1,1,1,1
2142,2,1,1,1,1,1
2143,3,1,1,1,1,1
2144,4,0,0,0,1,1
2145,0,0,0,0,0,0
2146,1,1,1,1,1,1
2147,2,1,1,1,1,1
2148,3,1,1,1,1,1
2149,4,0,0,0,1,1
2150,0,0,0,0,0,0
2151,1,1,1,1,1,1
2152,2,0,1,1,1,1
2153,3,1,1,1,1,1
2154,4,0,0,0,0,1
2155,0,0,0,0,0,0
2156,1,1,1,1,1,1
2157,2,0,1,1,1,1
2158,3,1,1,1,1,1
2159,4,0,1,0,0,1
2160,0,0,0,0,0,0
2161,1,1,1,1,1,1
2162,2,1,1,1,1,1
2163,3,1,1,1,1,1
2164,4,0,0,0,0,1
2165,0,0,0,0,0,0
2166,1,1,1,1,1,1
2167,2,0,1,1,1,1
2168,3,1,1,1,1,1
2169,4,0,0,0,0,1
2170,0,0,0,0,0,0
2171,1,1,1,1,1,1
2172,2,1,1,1,1,1
2173,3,1,1,1,1,1
2174,4,0,0,0,1,1
2175,0,0,0,0,0,0
2176,1,1,1,1,1,1
2177,2,0,1,1,1,1
2178,3,1,1,1,1,1
2179,4,0,1,1,0,1
2180,0,0,0,0,0,0
2181,1,1,1,1,1,1
2182,2,1,1,1,1,1
2183,3,1,1,1,1,1
2184,4,0,1,1,0,1
2185,0,0,0,0,0,0
2186,1,1,1,1,1,1
2187,2,1,1,1,1,1
2188,3,1,1,1,1,1
2189,4,0,0,0,0,1
2190,0,0,0,0,0,0
2191,1,1,1,1,1,1
2192,2,1,1,1,1,1
2193,3,1,1,1,1,1
2194,4,0,0,1,0,1
2195,0,0,0,0,0,0
2196,1,1,1,1,1,1
2197,2,0,1,1,1,1
2198,3,1,1,1,1,1
2199,4,0,0,0,0,1
2200,0,0,0,0,0,0
2201,1,1,1,1,1,1
2202,2,0,1,1,1,1
2203,3,1,1,1,1,1
2204,4,0,0,0,0,1
2205,0,0,0,0,0,0
2206,1,1,1,1,1,1
2207,2,0,1,1,1,1
2208,3,1,1,1,1,1
2209,4,0,0,0,0,1
2210,0,0,0,0,0,0
2211,1,1,1,1,1,1
2212,2,0,1,1,1,1
2213,3,1,1,1,1,1
2214,4,0,1,1,1,1
2215,0,0,0,0,0,0
2216,1,1,1,1,1,1
2217,2,0,1,1,1,1
2218,3,1,1,1,1,1
2219,4,0,0,0,0,1
2220,0,0,0,0,0,0
2221,1,1,1,1,1,1
2222,2,0,1,1,1,1
2223,3,1,1,1,1,1
2224,4,0,0,0,0,1
2225,0,0,0,0,0,0
2226,1,1,1,1,1,1
2227,2,0,1,1,1,1
2228,3,1,1,1,1,1
2229,4,0,1,0,0,1
2230,0,0,0,0,0,0
2231,1,1,1,1,1,1
2232,2,1,1,1,1,1
2233,3,1,1,1,1,1
2234,4,0,1,0,0,1
2235,0,0,0,0,0,0
2236,1,1,1,1,1,1
2237,2,0,1,1,1,1
2238,3,1,1,1,1,1
2239,4,0,0,0,0,1
2240,0,0,0,0,0,0
2241,1,1,1,1,1,1
2242,2,0,1,1,1,1
2243,3,1,1,1,1,1
2244,4,0,0,0,0,1
2245,0,0,0,0,0,0
2246,1,1,1,1,1,1
2247,2,0,1,1,1,1
2248,3,1,1,1,1,1
2249,4,0,0,0,0,1
2250,0,0,0,0,0,0
2251,1,1,1,1,1,1
2252,2,0,1,1,1,1
2253,3,1,1,1,1,1
2254,4,0,0,0,0,1
2255,0,0,0,0,0,0
2256,1,1,1,1,1,1
2257,2,0,1,1,1,1
2258,3,1,1,1,1,1
2259,4,0,0,1,0,1
2260,0,0,0,0,0,0
2261,1,1,1,1,1,1
2262,2,0,1,1,1,1
2263,3,1,1,1,1,1
2264,4,0,0,0,0,1
2265,0,0,0,0,0,0
2266,1,1,1,1,1,1
2267,2,0,1,1,1,1
2268,3,1,1,1,1,1
2269,4,0,0,0,0,1
2270,0,0,0,0,0,0
2271,1,1,1,1,1,1
2272,2,0,1,1,1,1
2273,3,1,1,1,1,1
2274,4,0,0,0,1,1
2275,0,0,0,0,0,0
2276,1,1,1,1,1,1
2277,2,0,1,1,1,1
2278,3,1,1,1,1,1
2279,4,0,1,0,0,1
2280,0,0,0,0,0,0
2281,1,1,1,1,1,1
2282,2,0,1,1,1,1
2283,3,1,1,1,1,1
2284,4,0,0,0,1,1
2285,0,0,0,0,0,0
2286,1,1,1,1,1,1
2287,2,0,1,1,1,1
2288,3,1,1,1,1,1
2289,4,0,0,1,1,1
2290,0,0,0,0,0,0
2291,1,1,1,1,1,1
2292,2,0,1,1,1,1
2293,3,1,1,1,1,1
2294,4,0,0,0,1,1
2295,0,0,0,0,0,0
2296,1,1,1,1,1,1
2297,2,0,1,1,1,1
2298,3,1,1,1,1,1
2299,4,0,1,0,0,1
2300,0,0,0,0,0,0
2301,1,1,1,1,1,1
2302,2,0,1,1,1,1
2303,3,1,1,1,1,1
2304,4,0,0,0,1,1
2305,0,0,0,0,0,0
2306,1,1,1,1,1,1
2307,2,0,1,1,1,1
2308,3,1,1,1,1,1
2309,4,0,0,1,0,1
2310,0,0,0,0,0,0
2311,1,1,1,1,1,1
2312,2,1,1,1,1,1
2313,3,1,1,1,1,1
2314,4,0,1,0,0,1
2315,0,0,0,0,0,0
2316,1,1,1,1,1,1
2317,2,0,1,1,1,1
2318,3,1,1,1,1,1
2319,4,0,0,0,0,1
2320,0,0,0,0,0,0
2321,1,1,1,1,1,1
2322,2,0,1,1,1,1
2323,3,1,1,1,1,1
2324,4,0,0,0,1,1
2325,0,0,0,0,0,0
2326,1,1,1,1,1,1
2327,2,1,1,1,1,1
2328,3,1,1,1,1,1
2329,4,0,0,0,0,1
2330,0,0,0,0,0,0
2331,1,1,1,1,1,1
2332,2,0,1,1,1,1
2333,3,1,1,1,1,1
2334,4,0,1,0,1,1
2335,0,0,0,0,0,0
2336,1,1,1,1,1,1
2337,2,0,1,1,1,1
2338,3,1,1,1,1,1
2339,4,0,1,1,1,1
2340,0,0,0,0,0,0
2341,1,1,1,1,1,1
2342,2,0,1,1,1,1
2343,3,1,1,1,1,1
2344,4,0,0,0,0,1
2345,0,0,0,0,0,0
2346,1,1,1,1,1,1
2347,2,0,1,1,1,1
2348,3,1,1,1,1,1
2349,4,0,0,1,0,1
2350,0,0,0,0,0,0
2351,1,1,1,1,1,1
2352,2,0,1,1,1,1
2353,3,1,1,1,1,1
2354,4,0,0,0,0,1
2355,0,0,0,0,0,0
2356,1,1,1,1,1,1
2357,2,0,1,1,1,1
2358,3,1,1,1,1,1
2359,4,0,0,0,1,1
2360,0,0,0,0,0,0
2361,1,1,1,1,1,1
2362,2,0,1,1,1,1
2363,3,1,1,1,1,1
2364,4,0,0,1,0,1
2365,0,0,0,0,0,0
2366,1,1,1,1,1,1
2367,2,1,1,1,1,1
2368,3,1,1,1,1,1
2369,4,0,0,0,0,1
2370,0,0,0,0,0,0
2371,1,1,1,1,1,1
2372,2,0,1,1,1,1
2373,3,1,1,1,1,1
2374,4,0,1,0,1,1
2375,0,0,0,0,0,0
2376,1,1,1,1,1,1
2377,2,0,1,1,1,1
2378,3,1,1,1,1,1
2379,4,0,1,0,0,1
2380,0,0,0,0,0,0
2381,1,1,1,1,1,1
2382,2,0,1,1,1,1
2383,3,1,1,1,1,1
2384,4,0,0,0,0,1
2385,0,0,0,0,0,0
2386,1,1,1,1,1,1
2387,2,0,1,1,1,1
2388,3,1,1,1,1,1
2389,4,0,0,1,0,1
2390,0,0,0,0,0,0
2391,1,1,1,1,1,1
2392,2,0,1,1,1,1
2393,3,1,1,1,1,1
2394,4,0,0,0,0,1
2395,0,0,0,0,0,0
2396,1,1,1,1,1,1
2397,2,0,1,1,1,1
2398,3,1,1,1,1,1
2399,4,0,0,0,0,1
2400,0,0,0,0,0,0
2401,1,1,1,1,1,1
2402,2,0,1,1,1,1
2403,3,1,1,1,1,1
2404,4,0,0,0,0,1
2405,0,0,0,0,0,0
2406,1,1,1,1,1,1
2407,2,0,1,1,1,1
2408,3,1,1,1,1,1
2409,4,0,1,0,0,1
2410,0,0,0,0,0,0
2411,1,1,1,1,1,1
2412,2,0,1,1,1,1
2413,3,1,1,1,1,1
2414,4,0,0,1,0,1
2415,0,0,0,0,0,0
2416,1,1,1,1,1,1
2417,2,0,1,1,1,1
2418,3,1,1,1,1,1
2419,4,0,0,1,0,1
2420,0,0,0,0,0,0
2421,1,1,1,1,1,1
2422,2,0,1,1,1,1
2423,3,1,1,1,1,1
2424,4,0,1,1,1,1
2425,0,0,0,0,0,0
2426,1,1,1,1,1,1
2427,2,0,1,1,1,1
2428,3,1,1,1,1,1
2429,4,0,0,0,1,1
2430,0,0,0,0,0,0
2431,1,1,1,1,1,1
2432,2,0,1,1,1,1
2433,3,1,1,1,1,1
2434,4,0,0,1,0,1
2435,0,0,0,0,0,0
2436,1,1,1,1,1,1
2437,2,0,1,1,1,1
2438,3,1,1,1,1,1
2439,4,0,0,0,0,1
2440,0,0,0,0,0,0
2441,1,1,1,1,1,1
2442,2,0,1,1,1,1
2443,3,1,1,1,1,1
2444,4,0,0,0,0,1
2445,0,0,0,0,0,0
2446,1,1,1,1,1,1
2447,2,1,1,1,1,1
2448,3,1,1,1,1,1
2449,4,0,1,0,0,1
2450,0,0,0,0,0,0
2451,1,1,1,1,1,1
2452,2,1,1,1,1,1
2453,3,1,1,1,1,1
2454,4,0,0,0,0,1
2455,0,0,0,0,0,0
2456,1,1,1,1,1,1
2457,2,0,1,1,1,1
2458,3,1,1,1,1,1
2459,4,0,0,0,0,1
2460,0,0,0,0,0,0
2461,1,1,1,1,1,1
2462,2,0,1,1,1,1
2463,3,1,1,1,1,1
2464,4,0,0,0,0,1
2465,0,0,0,0,0,0
2466,1,1,1,1,1,1
2467,2,0,1,1,1,1
2468,3,1,1,1,1,1
2469,4,0,1,1,0,1
2470,0,0,0,0,0,0
2471,1,1,1,1,1,1
2472,2,0,1,1,1,1
2473,3,1,1,1,1,1
2474,4,0,0,0,1,1
2475,0,0,0,0,0,0
2476,1,1,1,1,1,1
2477,2,0,1,1,1,1
2478,3,1,1,1,1,1
2479,4,0,0,0,0,1
2480,0,0,0,0,0,0
2481,1,1,1,1,1,1
2482,2,1,1,1,1,1
2483,3,1,1,1,1,1
2484,4,0,1,0,0,1
2485,0,0,0,0,0,0
2486,1,1,1,1,1,1
2487,2,0,1,1,1,1
2488,3,1,1,1,1,1
2489,4,0,0,0,1,1
2490,0,0,0,0,0,0
2491,1,1,1,1,1,1
2492,2,0,1,1,1,1
2493,3,1,1,1,1,1
2494,4,0,1,0,0,1
2495,0,0,0,0,0,0
2496,1,1,1,1,1,1
2497,2,0,1,1,1,1
2498,3,1,1,1,1,1
2499,4,0,0,0,0,1
2500,0,0,0,0,0,0
2501,1,1,1,1,1,1
2502,2,1,1,1,1,1
2503,3,1,1,1,1,1
2504,4,0,0,0,0,1
2505,0,0,0,0,0,0
2506,1,1,1,1,1,1
2507,2,0,1,1,1,1
2508,3,1,1,1,1,1
2509,4,0,1,0,0,1
2510,0,0,0,0,0,0
2511,1,1,1,1,1,1
2512,2,0,1,1,1,1
2513,3,1,1,1,1,1
2514,4,0,1,0,1,1
2515,0,0,0,0,0,0
2516,1,1,1,1,1,1
2517,2,0,1,1,1,1
2518,3,1,1,1,1,1
2519,4,0,0,0,1,1
2520,0,0,0,0,0,0
2521,1,1,1,1,1,1
2522,2,0,1,1,1,1
2523,3,1,1,1,1,1
2524,4,0,1,0,1,1
2525,0,0,0,0,0,0
2526,1,1,1,1,1,1
2527,2,0,1,1,1,1
2528,3,1,1,1,1,1
2529,4,0,0,0,0,1
2530,0,0,0,0,0,0
2531,1,1,1,1,1,1
2532,2,0,1,1,1,1
2533,3,1,1,1,1,1
2534,4,0,0,1,1,1
2535,0,0,0,0,0,0
2536,1,1,1,1,1,1
2537,2,0,1,1,1,1
2538,3,1,1,1,1,1
2539,4,0,0,0,1,1
2540,0,0,0,0,0,0
2541,1,1,1,1,1,1
2542,2,0,1,1,1,1
2543,3,1,1,1,1,1
2544,4,0,0,0,0,1
2545,0,0,0,0,0,0
2546,1,1,1,1,1,1
2547,2,0,1,1,1,1
2548,3,1,1,1,1,1
2549,4,0,1,0,0,1
2550,0,0,0,0,0,0
2551,1,1,1,1,1,1
2552,2,0,1,1,1,1
2553,3,1,1,1,1,1
2554,4,0,1,0,0,1
2555,0,0,0,0,0,0
2556,1,1,1,1,1,1
2557,2,1,1,1,1,1
2558,3,1,1,1,1,1
2559,4,0,0,0,1,1
2560,0,0,0,0,0,0
2561,1,1,1,1,1,1
2562,2,1,1,1,1,1
2563,3,1,1,1,1,1
2564,4,0,0,0,0,1
2565,0,0,0,0,0,0
2566,1,1,1,1,1,1
2567,2,1,1,1,1,1
2568,3,1,1,1,1,1
2569,4,0,1,1,1,1
2570,0,0,0,0,0,0
2571,1,1,1,1,1,1
2572,2,0,1,1,1,1
2573,3,1,1,1,1,1
2574,4,0,0,0,0,1
2575,0,0,0,0,0,0
2576,1,1,1,1,1,1
2577,2,0,1,1,1,1
2578,3,1,1,1,1,1
2579,4,0,0,0,0,1
2580,0,0,0,0,0,0
2581,1,1,1,1,1,1
2582,2,0,1,1,1,1
2583,3,1,1,1,1,1
2584,4,0,0,1,0,1
2585,0,0,0,0,0,0
2586,1,1,1,1,1,1
2587,2,1,1,1,1,1
2588,3,1,1,1,1,1
2589,4,0,1,0,0,1
2590,0,0,0,0,0,0
2591,1,1,1,1,1,1
2592,2,1,1,1,1,1
2593,3,1,1,1,1,1
2594,4,0,0,0,0,1
2595,0,0,0,0,0,0
2596,1,1,1,1,1,1
2597,2,0,1,1,1,1
2598,3,1,1,1,1,1
2599,4,0,0,0,0,1
2600,0,0,0,0,0,0
2601,1,1,1,1,1,1
2602,2,0,1,1,1,1
2603,3,1,1,1,1,1
2604,4,0,1,1,0,1
2605,0,0,0,0,0,0
2606,1,1,1,1,1,1
2607,2,0,1,1,1,1
2608,3,1,1,1,1,1
2609,4,0,0,0,0,1
2610,0,0,0,0,0,0
2611,1,1,1,1,1,1
2612,2,1,1,1,1,1
2613,3,1,1,1,1,1
2614,4,0,0,0,1,1
2615,0,0,0,0,0,0
2616,1,1,1,1,1,1
2617,2,0,1,1,1,1
2618,3,1,1,1,1,1
2619,4,0,0,0,0,1
2620,0,0,0,0,0,0
2621,1,1,1,1,1,1
2622,2,1,1,1,1,1
2623,3,1,1,1,1,1
2624,4,0,0,0,1,1
2625,0,0,0,0,0,0
2626,1,1,1,1,1,1
2627,2,0,1,1,1,1
2628,3,1,1,1,1,1
2629,4,0,1,0,0,1
2630,0,0,0,0,0,0
2631,1,1,1,1,1,1
2632,2,0,1,1,1,1
2633,3,1,1,1,1,1
2634,4,0,0,1,0,1
2635,0,0,0,0,0,0
2636,1,1,1,1,1,1
2637,2,0,1,1,1,1
2638,3,1,1,1,1,1
2639,4,0,0,0,1,1
2640,0,0,0,0,0,0
2641,1,1,1,1,1,1
2642,2,1,1,1,1,1
2643,3,1,1,1,1,1
2644,4,0,1,0,0,1
2645,0,0,0,0,0,0
2646,1,1,1,1,1,1
2647,2,0,1,1,1,1
2648,3,1,1,1,1,1
2649,4,0,0,1,0,1
2650,0,0,0,0,0,0
2651,1,1,1,1,1,1
2652,2,0,1,1,1,1
2653,3,1,1,1,1,1
2654,4,0,0,0,0,1
2655,0,0,0,0,0,0
2656,1,1,1,1,1,1
2657,2,0,1,1,1,1
2658,3,1,1,1,1,1
2659,4,0,0,0,0,1
2660,0,0,0,0,0,0
2661,1,1,1,1,1,1
2662,2,0,1,1,1,1
2663,3,1,1,1,1,1
2664,4,0,0,1,0,1
2665,0,0,0,0,0,0
2666,1,1,1,1,1,1
2667,2,0,1,1,1,1
2668,3,1,1,1,1,1
2669,4,0,0,0,0,1
2670,0,0,0,0,0,0
2671,1,1,1,1,1,1
2672,2,0,1,1,1,1
2673,3,1,1,1,1,1
2674,4,0,0,0,0,1
2675,0,0,0,0,0,0
2676,1,1,1,1,1,1
2677,2,0,1,1,1,1
2678,3,1,1,1,1,1
2679,4,0,0,0,0,1
2680,0,0,0,0,0,0
2681,1,1,1,1,1,1
2682,2,1,1,1,1,1
2683,3,1,1,1,1,1
2684,4,0,0,1,0,1
2685,0,0,0,0,0,0
2686,1,1,1,1,1,1
2687,2,0,1,1,1,1
2688,3,1,1,1,1,1
2689,4,0,1,0,1,1
2690,0,0,0,0,0,0
2691,1,1,1,1,1,1
2692,2,0,1,1,1,1
2693,3,1,1,1,1,1
2694,4,0,0,0,0,1
2695,0,0,0,0,0,0
2696,1,1,1,1,1,1
2697,2,1,1,1,1,1
2698,3,1,1,1,1,1
2699,4,0,0,0,1,1
2700,0,0,0,0,0,0
2701,1,1,1,1,1,1
2702,2,1,1,1,1,1
2703,3,1,1,1,1,1
2704,4,0,0,1,0,1
2705,0,0,0,0,0,0
2706,1,1,1,1,1,1
2707,2,0,1,1,1,1
2708,3,1,1,1,1,1
2709,4,0,0,1,0,1
2710,0,0,0,0,0,0
2711,1,1,1,1,1,1
2712,2,1,1,1,1,1
2713,3,1,1,1,1,1
2714,4,0,0,0,0,1
2715,0,0,0,0,0,0
2716,1,1,1,1,1,1
2717,2,1,1,1,1,1
2718,3,1,1,1,1,1
2719,4,0,0,0,0,1
2720,0,0,0,0,0,0
2721,1,1,1,1,1,1
2722,2,0,1,1,1,1
2723,3,1,1,1,1,1
2724,4,0,1,1,0,1
2725,0,0,0,0,0,0
2726,1,1,1,1,1,1
